file,discord_id,username,nickname,messages,source,avatar_url,downloaded_url
"_sahil_25__1208483488878043298.png","1208483488878043298","_sahil_25","Sahil","3","general","https://cdn.discordapp.com/avatars/1208483488878043298/60fd1ab4da6d49477be1dce5b48d27c7.png?size=512","https://cdn.discordapp.com/avatars/1208483488878043298/60fd1ab4da6d49477be1dce5b48d27c7.png?size=512"
"davin13__879228588203847731.png","879228588203847731",".davin13","Vin","1","general","https://cdn.discordapp.com/avatars/879228588203847731/fd5b61d41af5e4ae617d6406e235c9a3.png?size=512","https://cdn.discordapp.com/avatars/879228588203847731/fd5b61d41af5e4ae617d6406e235c9a3.png?size=512"
"retree___959497033172008970.png","959497033172008970",".retree_","retree // DLI (arc)","0","retree","https://cdn.discordapp.com/guilds/1460130124598087712/users/959497033172008970/avatars/0ec334c29c95f0ae0b2a9d91b7001ecd.png?size=512","https://cdn.discordapp.com/guilds/1460130124598087712/users/959497033172008970/avatars/0ec334c29c95f0ae0b2a9d91b7001ecd.png?size=512"
"0x6leo__1259106254400258070.png","1259106254400258070","0x6leo","LEO | DLICOM","32","general","https://cdn.discordapp.com/avatars/1259106254400258070/c824d8d4cc704fc069f4b24301b9d7ec.png?size=512","https://cdn.discordapp.com/avatars/1259106254400258070/c824d8d4cc704fc069f4b24301b9d7ec.png?size=512"
"0xhirono__989580421979320340.png","989580421979320340","0xhirono","Hirono","1","general","https://cdn.discordapp.com/avatars/989580421979320340/a3e4190c6ef0cfc644992bc2c24b98f7.png?size=512","https://cdn.discordapp.com/avatars/989580421979320340/a3e4190c6ef0cfc644992bc2c24b98f7.png?size=512"
"0xsalaf__1350113753462603796.png","1350113753462603796","0xsalaf","1%","14","general","https://cdn.discordapp.com/avatars/1350113753462603796/2024070384139d7d42815e4ad30bbee5.png?size=512","https://cdn.discordapp.com/embed/avatars/2.png"
"0xshawon__1517110608879947776.png","1517110608879947776","0xshawon","Shawon","1","general","https://cdn.discordapp.com/avatars/1517110608879947776/8e88568a5202e5710bde37747198590f.png?size=512","https://cdn.discordapp.com/avatars/1517110608879947776/8e88568a5202e5710bde37747198590f.png?size=512"
"2xkooo__1331107008195199028.png","1331107008195199028","2xkooo","2XKO | XKO | KOX | XKO | OKX","1","general","https://cdn.discordapp.com/avatars/1331107008195199028/4e6f32a47cb144daa1b72579d0bc4bc1.png?size=512","https://cdn.discordapp.com/avatars/1331107008195199028/4e6f32a47cb144daa1b72579d0bc4bc1.png?size=512"
"a_a_jahid__1262818509864566855.png","1262818509864566855","a_a_jahid","Abdullah Al Jahid","87","general","https://cdn.discordapp.com/avatars/1262818509864566855/e911c2999e5df836e26ba29b1e60ca1e.png?size=512","https://cdn.discordapp.com/avatars/1262818509864566855/e911c2999e5df836e26ba29b1e60ca1e.png?size=512"
"aaran207__1323982554444992552.png","1323982554444992552","aaran207","Aaran (❖,❖)","384","general","https://cdn.discordapp.com/avatars/1323982554444992552/a278f7c6c0351a919945156e92645ef7.png?size=512","https://cdn.discordapp.com/avatars/1323982554444992552/a278f7c6c0351a919945156e92645ef7.png?size=512"
"abidex07__1202637356285427804.png","1202637356285427804","abidex07","ALPHAMID","11","general","https://cdn.discordapp.com/avatars/1202637356285427804/693fda0410a75ea7e4d1cdc616919c11.png?size=512","https://cdn.discordapp.com/avatars/1202637356285427804/693fda0410a75ea7e4d1cdc616919c11.png?size=512"
"aboaljood0812__1521133241820516384.png","1521133241820516384","aboaljood0812","Aboaljood","1","general","https://cdn.discordapp.com/avatars/1521133241820516384/0bc5e6941872eb5ef0218cc4f24b58e1.png?size=512","https://cdn.discordapp.com/avatars/1521133241820516384/0bc5e6941872eb5ef0218cc4f24b58e1.png?size=512"
"addewahyu__1105826105715343400.png","1105826105715343400","addewahyu","Eldevaz","161","general","https://cdn.discordapp.com/avatars/1105826105715343400/1dc4fcee1f84090dace690438aec19c1.png?size=512","https://cdn.discordapp.com/avatars/1105826105715343400/1dc4fcee1f84090dace690438aec19c1.png?size=512"
"adekosim__1356242483750899937.png","1356242483750899937","adekosim","UZUMAKI","1","general","https://cdn.discordapp.com/avatars/1356242483750899937/70b013f0c79a6f4e623d61e1f6d147ba.png?size=512","https://cdn.discordapp.com/avatars/1356242483750899937/70b013f0c79a6f4e623d61e1f6d147ba.png?size=512"
"adidas23233__661560305406443521.png","661560305406443521","adidas23233","gnomeoor | All IN DLICOM","47","general","https://cdn.discordapp.com/avatars/661560305406443521/32ca55752943c7d035ab386471974ccf.png?size=512","https://cdn.discordapp.com/avatars/661560305406443521/32ca55752943c7d035ab386471974ccf.png?size=512"
"adityaog01__1302459026402967626.png","1302459026402967626","adityaog01","Adiix","16","general","https://cdn.discordapp.com/avatars/1302459026402967626/eeac0dcc62d0c73bd6d917fbc384bbed.png?size=512","https://cdn.discordapp.com/avatars/1302459026402967626/eeac0dcc62d0c73bd6d917fbc384bbed.png?size=512"
"afnan_web3__1331280153489444874.png","1331280153489444874","afnan_web3","Arif Afnan","1","general","https://cdn.discordapp.com/avatars/1331280153489444874/00a8b5d7f2a47511a3b3ba02e299f94c.png?size=512","https://cdn.discordapp.com/avatars/1331280153489444874/00a8b5d7f2a47511a3b3ba02e299f94c.png?size=512"
"akashkhan1__1064390467430654074.png","1064390467430654074","akashkhan1","AKASH KHAN","1","general","https://cdn.discordapp.com/avatars/1064390467430654074/02ff2350ac422f1ae42ba6607c4814e4.png?size=512","https://cdn.discordapp.com/avatars/1064390467430654074/02ff2350ac422f1ae42ba6607c4814e4.png?size=512"
"akashkumar0794__1069831268012924928.png","1069831268012924928","akashkumar0794","Sanjay","40","general","https://cdn.discordapp.com/avatars/1069831268012924928/ba8a123dd4e8d2f80ccad315f96508ea.png?size=512","https://cdn.discordapp.com/avatars/1069831268012924928/ba8a123dd4e8d2f80ccad315f96508ea.png?size=512"
"alpha_0x01__984688668742656032.png","984688668742656032","alpha_0x01","𝗔𝗹𝗽𝗵𝗮 | 𝗗𝗹𝗶𝗰𝗼𝗺 |","1","general","https://cdn.discordapp.com/avatars/984688668742656032/09c12af67da144ee348a2e8f9024edc4.png?size=512","https://cdn.discordapp.com/avatars/984688668742656032/09c12af67da144ee348a2e8f9024edc4.png?size=512"
"ammarcryptos__313589138550947842.png","313589138550947842","ammarcryptos","Ammar-gdlic","9","general","https://cdn.discordapp.com/avatars/313589138550947842/db9e44e989e67446f3e309bbe64000f5.png?size=512","https://cdn.discordapp.com/avatars/313589138550947842/db9e44e989e67446f3e309bbe64000f5.png?size=512"
"anturoy881__1300542579292635183.png","1300542579292635183","anturoy881","☬༼░A░n░T░u░☬","22","general","https://cdn.discordapp.com/avatars/1300542579292635183/f5da0fb77c14a7d539d2e2f646fd9e12.png?size=512","https://cdn.discordapp.com/embed/avatars/2.png"
"araf09847__1518983681300234324.png","1518983681300234324","araf09847","A R A F","4","general","https://cdn.discordapp.com/avatars/1518983681300234324/e21a41e2b72164514000786651b3c9ee.png?size=512","https://cdn.discordapp.com/avatars/1518983681300234324/e21a41e2b72164514000786651b3c9ee.png?size=512"
"armelkabore641__1128273405196636160.png","1128273405196636160","armelkabore641","ᗩ尺爪乇ㄥ","126","general","https://cdn.discordapp.com/avatars/1128273405196636160/5ac6e3f7a6875b0091ed59e611a43004.png?size=512","https://cdn.discordapp.com/avatars/1128273405196636160/5ac6e3f7a6875b0091ed59e611a43004.png?size=512"
"arun2303___1203329900422107187.png","1203329900422107187","arun2303_","Arun","24","general","https://cdn.discordapp.com/avatars/1203329900422107187/8c6e7b5c9bd50cabbd9c2f56e388732e.png?size=512","https://cdn.discordapp.com/avatars/1203329900422107187/8c6e7b5c9bd50cabbd9c2f56e388732e.png?size=512"
"asif088923__1509594007960027218.png","1509594007960027218","asif088923","Asif ! Bhai","43","general","https://cdn.discordapp.com/avatars/1509594007960027218/86e5bb46a678709a232408c564c68735.png?size=512","https://cdn.discordapp.com/avatars/1509594007960027218/86e5bb46a678709a232408c564c68735.png?size=512"
"asur0010__1101133205521846282.png","1101133205521846282","asur0010","𝐉 𝐄 𝐄 𝐓  🌿","28","general","https://cdn.discordapp.com/avatars/1101133205521846282/b29d77c2c0d5ae79f8bae3f78692178c.png?size=512","https://cdn.discordapp.com/avatars/1101133205521846282/b29d77c2c0d5ae79f8bae3f78692178c.png?size=512"
"axelknox00__1235462032191393873.png","1235462032191393873","axelknox00","Axel Knox","4","general","https://cdn.discordapp.com/avatars/1235462032191393873/116f573f6c80b52539f789c45c44fd1b.png?size=512","https://cdn.discordapp.com/avatars/1235462032191393873/116f573f6c80b52539f789c45c44fd1b.png?size=512"
"ayat_ayat_cinta__771721114485391361.png","771721114485391361","ayat_ayat_cinta","𝕬𝖞𝖆𝖙𝖐𝖚𝖓19𓆏ɴᴇᴏsᴏᴜʟ","3","general","https://cdn.discordapp.com/avatars/771721114485391361/f1ba04e406bec324d406820472a9b178.png?size=512","https://cdn.discordapp.com/avatars/771721114485391361/f1ba04e406bec324d406820472a9b178.png?size=512"
"badhonai__925674176335970304.gif","925674176335970304","badhonai","BADHON ✨ DLICOM","3","general","https://cdn.discordapp.com/avatars/925674176335970304/a_5be622290315cc7fe5d568bf4e79e64f.gif?size=512","https://cdn.discordapp.com/avatars/925674176335970304/a_5be622290315cc7fe5d568bf4e79e64f.gif?size=512"
"bapparaj_fan__1512808866952384623.png","1512808866952384623","bapparaj_fan","Bapparaj I DLICOM","257","general","https://cdn.discordapp.com/avatars/1512808866952384623/e3f2c925a2eb1deb7e6857bb0244fe82.png?size=512","https://cdn.discordapp.com/avatars/1512808866952384623/e3f2c925a2eb1deb7e6857bb0244fe82.png?size=512"
"bayazid04__1293026472675770450.png","1293026472675770450","bayazid04","@bayazid04","45","general","https://cdn.discordapp.com/avatars/1293026472675770450/c6449f83d1f0d956a798d9569b2b930d.png?size=512","https://cdn.discordapp.com/avatars/1293026472675770450/c6449f83d1f0d956a798d9569b2b930d.png?size=512"
"bigmeech2905__955591506964676688.png","955591506964676688","bigmeech2905","Big Meech","28","general","https://cdn.discordapp.com/avatars/955591506964676688/8850360ed1a0ac0dd719ae258dede026.png?size=512","https://cdn.discordapp.com/avatars/955591506964676688/8850360ed1a0ac0dd719ae258dede026.png?size=512"
"bithix7__1039968795197976576.png","1039968795197976576","bithix7","𝐁𝐈𝐓𝐇𝐈","20","general","https://cdn.discordapp.com/avatars/1039968795197976576/5f186bd871089fa56eaf327eb960a688.png?size=512","https://cdn.discordapp.com/avatars/1039968795197976576/5f186bd871089fa56eaf327eb960a688.png?size=512"
"blockzen_alpha__1038482308535156757.png","1038482308535156757","blockzen_alpha","Blockzen | Dlicom","4","general","https://cdn.discordapp.com/avatars/1038482308535156757/563aa1a90d30355a834073afc780a8ca.png?size=512","https://cdn.discordapp.com/avatars/1038482308535156757/563aa1a90d30355a834073afc780a8ca.png?size=512"
"bright7224__1159117574903173171.png","1159117574903173171","bright7224","Bright DeAgentAi","1","general","https://cdn.discordapp.com/avatars/1159117574903173171/c82b3fa769ed6e6ffdea579381ed5f5c.png?size=512","https://cdn.discordapp.com/embed/avatars/2.png"
"carlos.silva1__1219500430464258049.png","1219500430464258049","carlos.silva1.","Carlos.sliva","4","general","https://cdn.discordapp.com/avatars/1219500430464258049/1cee13e42d5ba0e94488140f944cdcce.png?size=512","https://cdn.discordapp.com/avatars/1219500430464258049/1cee13e42d5ba0e94488140f944cdcce.png?size=512"
"chandayt__1228352415875469384.png","1228352415875469384","chandayt","Chanda dlicom🥰","1","general","https://cdn.discordapp.com/avatars/1228352415875469384/5345c6f1ccd46044d232f851899a7ea1.png?size=512","https://cdn.discordapp.com/avatars/1228352415875469384/5345c6f1ccd46044d232f851899a7ea1.png?size=512"
"clintonjosh__1094886761538265171.png","1094886761538265171","clintonjosh","Kutasa","1","general","https://cdn.discordapp.com/avatars/1094886761538265171/f89377bf2717672e06635c803ac84c4d.png?size=512","https://cdn.discordapp.com/avatars/1094886761538265171/f89377bf2717672e06635c803ac84c4d.png?size=512"
"cryptonexus_0__1289260690695258177.png","1289260690695258177","cryptonexus_0","Crypto Nexus","2","general","https://cdn.discordapp.com/avatars/1289260690695258177/f7a67a517ea9c5443b5f257b0dbf1355.png?size=512","https://cdn.discordapp.com/avatars/1289260690695258177/f7a67a517ea9c5443b5f257b0dbf1355.png?size=512"
"dai2985__1050672832436252673.png","1050672832436252673","dai2985","Father Moon (Ben) | DlicomApp","1","general","https://cdn.discordapp.com/avatars/1050672832436252673/c54911ed092ed6a7dc22129b6cc91419.png?size=512","https://cdn.discordapp.com/avatars/1050672832436252673/c54911ed092ed6a7dc22129b6cc91419.png?size=512"
"dbay0402__1265007031493066762.png","1265007031493066762","dbay0402","𝘿𝙗𝙖𝙮 𝘿 𝙣𝙮𝙖 𝘿𝙡𝙞𝙘𝙤𝙢","4","general","https://cdn.discordapp.com/avatars/1265007031493066762/2414fb719adda6983347ec0af198dc2c.png?size=512","https://cdn.discordapp.com/avatars/1265007031493066762/2414fb719adda6983347ec0af198dc2c.png?size=512"
"defimuzan__961269527746871378.png","961269527746871378","defimuzan","𝓩𝓮𝓷𝓲𝓷","1","general","https://cdn.discordapp.com/avatars/961269527746871378/b3a38454f7d60b6e44af8a1ce874b237.png?size=512","https://cdn.discordapp.com/embed/avatars/3.png"
"delighttalight__1339320745272021144.png","1339320745272021144","delighttalight","ƊëlịɠhtTålîɠht🦋✨","43","general","https://cdn.discordapp.com/avatars/1339320745272021144/11025b3a911a8d70d1b9a05c472b2914.png?size=512","https://cdn.discordapp.com/avatars/1339320745272021144/11025b3a911a8d70d1b9a05c472b2914.png?size=512"
"difalter_lk__1255530747373031456.png","1255530747373031456","difalter_lk","DīFâlTêR_Dlîçõm","1","general","https://cdn.discordapp.com/avatars/1255530747373031456/bb809c5eed5330a37cc94a7c64973f10.png?size=512","https://cdn.discordapp.com/avatars/1255530747373031456/bb809c5eed5330a37cc94a7c64973f10.png?size=512"
"dikdik1809__1347494389257207850.png","1347494389257207850","dikdik1809","𝗗𝗶𝗸 𝗱𝗶𝗸","10","general","https://cdn.discordapp.com/avatars/1347494389257207850/043a55af0d12bb7109b7e2fc7ae0d5b2.png?size=512","https://cdn.discordapp.com/embed/avatars/2.png"
"dixitsalvi__1290517559359311897.png","1290517559359311897","dixitsalvi","dixitsalvi","4","general","https://cdn.discordapp.com/avatars/1290517559359311897/cde5dd4f65ea37520dadc01bb908cb78.png?size=512","https://cdn.discordapp.com/embed/avatars/0.png"
"dymox121__963183999394648114.png","963183999394648114","dymox121","Dymox||Dlicom","10","general","https://cdn.discordapp.com/avatars/963183999394648114/b58ec73c2e64e05af5f507a79bb8d09e.png?size=512","https://cdn.discordapp.com/avatars/963183999394648114/b58ec73c2e64e05af5f507a79bb8d09e.png?size=512"
"ek.pravel__1343877664099799040.png","1343877664099799040","ek.pravel","Pravel","127","general","https://cdn.discordapp.com/avatars/1343877664099799040/460cece834389844e0d5491164763c59.png?size=512","https://cdn.discordapp.com/avatars/1343877664099799040/460cece834389844e0d5491164763c59.png?size=512"
"emile143__1365410783328079966.png","1365410783328079966","emile143","EMÌLY","95","general","https://cdn.discordapp.com/avatars/1365410783328079966/8cc96eb4e216f112b432721bb72edd83.png?size=512","https://cdn.discordapp.com/avatars/1365410783328079966/8cc96eb4e216f112b432721bb72edd83.png?size=512"
"emmu5994__525077568110592000.png","525077568110592000","emmu5994","Emmu","26","general","https://cdn.discordapp.com/avatars/525077568110592000/f60a4f5feacb5e158cac859a3155379f.png?size=512","https://cdn.discordapp.com/avatars/525077568110592000/f60a4f5feacb5e158cac859a3155379f.png?size=512"
"emon_864727__1305850774605271070.png","1305850774605271070","emon_864727","𝐄𝐌 𝐎𝐍🐢","22","general","https://cdn.discordapp.com/avatars/1305850774605271070/34f36dbd8b37d1316a049419770ec5c9.png?size=512","https://cdn.discordapp.com/avatars/1305850774605271070/34f36dbd8b37d1316a049419770ec5c9.png?size=512"
"ewrranask__895739705298141184.png","895739705298141184","ewrranask","Sleepy RaNa","3","general","https://cdn.discordapp.com/avatars/895739705298141184/824293a08311b13767d5aea1f056c3aa.png?size=512","https://cdn.discordapp.com/avatars/895739705298141184/824293a08311b13767d5aea1f056c3aa.png?size=512"
"extarek0__1214291108809543711.png","1214291108809543711","extarek0","★ 𝘛𝘈𝘙𝘌𝘒0.2","1","general","https://cdn.discordapp.com/avatars/1214291108809543711/a1fb3c4bbeec2ab6596f909b2374841a.png?size=512","https://cdn.discordapp.com/avatars/1214291108809543711/a1fb3c4bbeec2ab6596f909b2374841a.png?size=512"
"faiza_maianini__1318176423843987518.png","1318176423843987518","faiza_maianini","Fayzal.Dlicom","5","general","https://cdn.discordapp.com/avatars/1318176423843987518/afe765d15b0df38add636337dff2d655.png?size=512","https://cdn.discordapp.com/avatars/1318176423843987518/afe765d15b0df38add636337dff2d655.png?size=512"
"flaffytail__517785626138116096.png","517785626138116096","flaffytail","Flaffy","2","general","https://cdn.discordapp.com/avatars/517785626138116096/d0fcbd35e3a57eef0efb818dedd47f58.png?size=512","https://cdn.discordapp.com/avatars/517785626138116096/d0fcbd35e3a57eef0efb818dedd47f58.png?size=512"
"fmfm101__1355552128113971290.png","1355552128113971290","fmfm101","Md Faisal","12","general","https://cdn.discordapp.com/avatars/1355552128113971290/7b212e9a92cfb8582157c016fa5ffaf5.png?size=512","https://cdn.discordapp.com/avatars/1355552128113971290/7b212e9a92cfb8582157c016fa5ffaf5.png?size=512"
"gautamxtreme__1092354881492357150.png","1092354881492357150","gautamxtreme","🍄gautamxbt | dlicom","1","general","https://cdn.discordapp.com/avatars/1092354881492357150/f648d5eeea2f2f4448051b79bca0909b.png?size=512","https://cdn.discordapp.com/avatars/1092354881492357150/f648d5eeea2f2f4448051b79bca0909b.png?size=512"
"gfnjg__606114813289955347.png","606114813289955347","gfnjg","Prikuril","4","general","https://cdn.discordapp.com/avatars/606114813289955347/c69f8ca4d4f31424e377bcdfeeaa4b88.png?size=512","https://cdn.discordapp.com/avatars/606114813289955347/c69f8ca4d4f31424e377bcdfeeaa4b88.png?size=512"
"ghalemanes__1309484127543758873.png","1309484127543758873","ghalemanes.","ghalemanes","1","general","https://cdn.discordapp.com/avatars/1309484127543758873/0fce6430d106813b5dae79bed3a408ce.png?size=512","https://cdn.discordapp.com/avatars/1309484127543758873/0fce6430d106813b5dae79bed3a408ce.png?size=512"
"golluu36__1345036550140071947.png","1345036550140071947","golluu36","𝐆 𝐎 𝐋 𝐔ᴀᴜʀᴀ","90","general","https://cdn.discordapp.com/avatars/1345036550140071947/7efb3aab934b2f974b95116c55cb8733.png?size=512","https://cdn.discordapp.com/avatars/1345036550140071947/7efb3aab934b2f974b95116c55cb8733.png?size=512"
"golnooshbandani6327__943819005066633256.png","943819005066633256","golnooshbandani6327","Miss Data Golnoosh","168","general","https://cdn.discordapp.com/avatars/943819005066633256/86e48ba411af25c0c601c533bcca4120.png?size=512","https://cdn.discordapp.com/avatars/943819005066633256/86e48ba411af25c0c601c533bcca4120.png?size=512"
"gunz166__993311070406062170.png","993311070406062170","gunz166","gunz166","14","general","https://cdn.discordapp.com/avatars/993311070406062170/f6c6509e36b2703d43a7b1b59e807f92.png?size=512","https://cdn.discordapp.com/avatars/993311070406062170/f6c6509e36b2703d43a7b1b59e807f92.png?size=512"
"guruji05355__1186140224556908775.png","1186140224556908775","guruji05355","Guruji ⛓ (❖,❖)","22","general","https://cdn.discordapp.com/avatars/1186140224556908775/08cf884c93760435ece1c400902ab616.png?size=512","https://cdn.discordapp.com/avatars/1186140224556908775/08cf884c93760435ece1c400902ab616.png?size=512"
"habib07578__1319176083882508351.png","1319176083882508351","habib07578","𝐒𝐚𝐤𝐢𝐛  ♨️","1","general","https://cdn.discordapp.com/avatars/1319176083882508351/1acf45dc3ed5c7f7eb0f2bb02759bbb6.png?size=512","https://cdn.discordapp.com/avatars/1319176083882508351/1acf45dc3ed5c7f7eb0f2bb02759bbb6.png?size=512"
"hamzazazi__1524686892824662106.png","1524686892824662106","hamzazazi","Hamzazazi","1","general","https://cdn.discordapp.com/avatars/1524686892824662106/d4f2118e10c91ca3d45f6a06be2f27cc.png?size=512","https://cdn.discordapp.com/avatars/1524686892824662106/d4f2118e10c91ca3d45f6a06be2f27cc.png?size=512"
"hanzo8840__952734667147194478.png","952734667147194478","hanzo8840","hanzo","15","general","https://cdn.discordapp.com/avatars/952734667147194478/830b41b46c206045403f3616a344012a.png?size=512","https://cdn.discordapp.com/avatars/952734667147194478/830b41b46c206045403f3616a344012a.png?size=512"
"harisalii__882538227813212161.png","882538227813212161","harisalii","Haris Ali (❖,❖)","421","general","https://cdn.discordapp.com/avatars/882538227813212161/a5be715b000bd10c07ba94316a8803a4.png?size=512","https://cdn.discordapp.com/avatars/882538227813212161/a5be715b000bd10c07ba94316a8803a4.png?size=512"
"hasnab16__1231140533943013438.png","1231140533943013438","hasnab16","HASSAN | DCO","50","general","https://cdn.discordapp.com/avatars/1231140533943013438/c4bd0661a999295545005d7cef999259.png?size=512","https://cdn.discordapp.com/avatars/1231140533943013438/c4bd0661a999295545005d7cef999259.png?size=512"
"hassan8405120__1342026791568539750.png","1342026791568539750","hassan8405120","HASSAN🖤","51","general","https://cdn.discordapp.com/avatars/1342026791568539750/d361df4c5b715503b304285b20b2e985.png?size=512","https://cdn.discordapp.com/avatars/1342026791568539750/d361df4c5b715503b304285b20b2e985.png?size=512"
"heyflo___679863111200538681.png","679863111200538681","heyflo_","heyflo_","1","general","https://cdn.discordapp.com/avatars/679863111200538681/970d4a63551f99b2f42b59ac3c162c37.png?size=512","https://cdn.discordapp.com/avatars/679863111200538681/970d4a63551f99b2f42b59ac3c162c37.png?size=512"
"himu00007__1423968671130456126.png","1423968671130456126","himu00007","Himu","10","general","https://cdn.discordapp.com/avatars/1423968671130456126/c18244f90195f50fa8b14bf1d50b4716.png?size=512","https://cdn.discordapp.com/avatars/1423968671130456126/c18244f90195f50fa8b14bf1d50b4716.png?size=512"
"hootbooy50__971166089864151070.png","971166089864151070","hootbooy50","HOOTBOOY","1","general","https://cdn.discordapp.com/avatars/971166089864151070/2f26e729628d506913afa27bef7c9bc2.png?size=512","https://cdn.discordapp.com/avatars/971166089864151070/2f26e729628d506913afa27bef7c9bc2.png?size=512"
"iamyourdaddyi__1092073949774479500.png","1092073949774479500","iamyourdaddyi","DADDY","2","general","https://cdn.discordapp.com/avatars/1092073949774479500/90ec9a99d2aaee941474eb54033d5814.png?size=512","https://cdn.discordapp.com/avatars/1092073949774479500/90ec9a99d2aaee941474eb54033d5814.png?size=512"
"idrees1784__942128683076948038.png","942128683076948038","idrees1784","IDREES | DCO","27","general","https://cdn.discordapp.com/avatars/942128683076948038/52801447c7ba4503e2ec73e38916cde1.png?size=512","https://cdn.discordapp.com/avatars/942128683076948038/52801447c7ba4503e2ec73e38916cde1.png?size=512"
"ifeoma10__956458724116017172.png","956458724116017172","ifeoma10","ifeoma1010","1","general","https://cdn.discordapp.com/avatars/956458724116017172/b81c14a6ff543eecbefd5da695019033.png?size=512","https://cdn.discordapp.com/avatars/956458724116017172/b81c14a6ff543eecbefd5da695019033.png?size=512"
"im_robiul__1423966631427837952.png","1423966631427837952","im_robiul","Robiul Islam","29","general","https://cdn.discordapp.com/avatars/1423966631427837952/a458deac0a89e5eaf4a9cdc237445ff7.png?size=512","https://cdn.discordapp.com/avatars/1423966631427837952/a458deac0a89e5eaf4a9cdc237445ff7.png?size=512"
"inam533__1033004632995283074.png","1033004632995283074","inam533","INAM KHAN","13","general","https://cdn.discordapp.com/avatars/1033004632995283074/9765d0a6a83e4e25258464bdeef9c1e0.png?size=512","https://cdn.discordapp.com/avatars/1033004632995283074/9765d0a6a83e4e25258464bdeef9c1e0.png?size=512"
"indra_13121__1287444579347595467.png","1287444579347595467","indra_13121","INDRA I DLICOM","6","general","https://cdn.discordapp.com/avatars/1287444579347595467/58b0b4f9f37589d0adaced20dcd24f64.png?size=512","https://cdn.discordapp.com/avatars/1287444579347595467/58b0b4f9f37589d0adaced20dcd24f64.png?size=512"
"ishanick3__1101158672522027059.png","1101158672522027059","ishanick3","𝙸𝚂𝙷𝙰 | 𝙳𝙻𝙸𝙲𝙾𝙼","10","general","https://cdn.discordapp.com/avatars/1101158672522027059/4057e215aa879ce8a838abc14f7c96e5.png?size=512","https://cdn.discordapp.com/avatars/1101158672522027059/4057e215aa879ce8a838abc14f7c96e5.png?size=512"
"israrbaho112_22122__1247608036886052969.png","1247608036886052969","israrbaho112_22122","🍄israrbaho","30","general","https://cdn.discordapp.com/avatars/1247608036886052969/003f094c4ad96855bebc534e85c018a8.png?size=512","https://cdn.discordapp.com/avatars/1247608036886052969/003f094c4ad96855bebc534e85c018a8.png?size=512"
"itzxaimbro__1258096900393926750.png","1258096900393926750","itzxaimbro","S ᴀ ɪ ᴍ ツ","3","general","https://cdn.discordapp.com/avatars/1258096900393926750/e9f31fc4388cd6a57897a52335ba2304.png?size=512","https://cdn.discordapp.com/embed/avatars/2.png"
"jack3125356__970690628495237190.png","970690628495237190","jack3125356","jack3125356","1","general","https://cdn.discordapp.com/avatars/970690628495237190/563344364d32cf752e551bd48a051361.png?size=512","https://cdn.discordapp.com/avatars/970690628495237190/563344364d32cf752e551bd48a051361.png?size=512"
"jashwachristo9677__887888144870031410.png","887888144870031410","jashwachristo9677","千乇几丨乂💜","11","general","https://cdn.discordapp.com/avatars/887888144870031410/2459dc70adf8378ae1653fdce0ba9dff.png?size=512","https://cdn.discordapp.com/avatars/887888144870031410/2459dc70adf8378ae1653fdce0ba9dff.png?size=512"
"jaspy020__1489211915325542440.png","1489211915325542440","jaspy020","Jaspy | Dlicom","7","general","https://cdn.discordapp.com/avatars/1489211915325542440/c9ca47adfc8b78991d12ee0ea488cd86.png?size=512","https://cdn.discordapp.com/avatars/1489211915325542440/c9ca47adfc8b78991d12ee0ea488cd86.png?size=512"
"java06852__885479212222382111.png","885479212222382111","java06852","Javanesia","25","general","https://cdn.discordapp.com/avatars/885479212222382111/c389c6074b91651ea04b27960c1ccbe7.png?size=512","https://cdn.discordapp.com/embed/avatars/2.png"
"jenay_for__877981303247622195.png","877981303247622195","jenay_for","Jennay_","36","general","https://cdn.discordapp.com/avatars/877981303247622195/76408f539b94c4edff5abbb54853723d.png?size=512","https://cdn.discordapp.com/avatars/877981303247622195/76408f539b94c4edff5abbb54853723d.png?size=512"
"jim_tanjim10__999708004205207702.png","999708004205207702","jim_tanjim10","𝐓𝐚𝐧𝐧 💣 |  𝐃𝐋𝐈𝐂𝐎𝐌","1","general","https://cdn.discordapp.com/avatars/999708004205207702/c8d2d8542f69e7eb4adfcee923ba3790.png?size=512","https://cdn.discordapp.com/embed/avatars/5.png"
"joshuacantuba1__1218045834038476896.png","1218045834038476896","joshuacantuba1","YGGJoshua | SG","15","general","https://cdn.discordapp.com/avatars/1218045834038476896/2232f23934ecd5d7ed45991233b59209.png?size=512","https://cdn.discordapp.com/avatars/1218045834038476896/2232f23934ecd5d7ed45991233b59209.png?size=512"
"joyhasanx10__1344700403606097951.png","1344700403606097951","joyhasanx10","JOY HASAN","37","general","https://cdn.discordapp.com/avatars/1344700403606097951/133256fe995e62c4cd4a5288f485643d.png?size=512","https://cdn.discordapp.com/avatars/1344700403606097951/133256fe995e62c4cd4a5288f485643d.png?size=512"
"justsammy20_78944__1354932362672079039.png","1354932362672079039","justsammy20_78944","『Just Sam』|『Dlicom』","2","general","https://cdn.discordapp.com/avatars/1354932362672079039/59a191a60636a08025a9162b20d619fe.png?size=512","https://cdn.discordapp.com/avatars/1354932362672079039/59a191a60636a08025a9162b20d619fe.png?size=512"
"k.rashed__759780086723117057.png","759780086723117057","k.rashed","ʀ∆sʜᴇᴅ❗","6","general","https://cdn.discordapp.com/avatars/759780086723117057/53920addde1fc6660ff3b0c4e4a06e88.png?size=512","https://cdn.discordapp.com/avatars/759780086723117057/53920addde1fc6660ff3b0c4e4a06e88.png?size=512"
"kalmeunity__835203900763668501.png","835203900763668501","kalmeunity","KALMEUNITY","4","general","https://cdn.discordapp.com/avatars/835203900763668501/a9d50050096115a4de772844d14396e7.png?size=512","https://cdn.discordapp.com/avatars/835203900763668501/a9d50050096115a4de772844d14396e7.png?size=512"
"king0000026__1210506471779868682.png","1210506471779868682","king0000026","dumb ҡเɳɠ ☠ 🇮🇳 (❖,❖)","3","general","https://cdn.discordapp.com/avatars/1210506471779868682/d9c315ee655b06cd8a0f61f601f28150.png?size=512","https://cdn.discordapp.com/avatars/1210506471779868682/d9c315ee655b06cd8a0f61f601f28150.png?size=512"
"kirfilroman__722099315631325195.png","722099315631325195","kirfilroman","Kirnun","3","general","https://cdn.discordapp.com/avatars/722099315631325195/fde637eb9d5bb9b0440200b9da8ddddf.png?size=512","https://cdn.discordapp.com/avatars/722099315631325195/fde637eb9d5bb9b0440200b9da8ddddf.png?size=512"
"kkk0331__1163890994291425342.png","1163890994291425342","kkk0331","kk0331","1","general","https://cdn.discordapp.com/avatars/1163890994291425342/a4ab9d759ce009ef8d62daaea3f97a04.png?size=512","https://cdn.discordapp.com/avatars/1163890994291425342/a4ab9d759ce009ef8d62daaea3f97a04.png?size=512"
"krypto_leo__1224710175546408963.png","1224710175546408963","krypto_leo","krypto_in","59","general","https://cdn.discordapp.com/avatars/1224710175546408963/0fa938bf3d37d7a9c560dc0cdb6c1840.png?size=512","https://cdn.discordapp.com/avatars/1224710175546408963/0fa938bf3d37d7a9c560dc0cdb6c1840.png?size=512"
"kundan022__978551449321631764.png","978551449321631764","kundan022","KUNDAN | DLICOM","10","general","https://cdn.discordapp.com/avatars/978551449321631764/72623ec95501ff50e464f1025fedbb7f.png?size=512","https://cdn.discordapp.com/avatars/978551449321631764/72623ec95501ff50e464f1025fedbb7f.png?size=512"
"larryfx0422__1478131244599349409.png","1478131244599349409","larryfx0422","LarryFx🥷🥷🌬️","2","general","https://cdn.discordapp.com/avatars/1478131244599349409/c8c09a546a46ccca1ebf84502f14b918.png?size=512","https://cdn.discordapp.com/avatars/1478131244599349409/c8c09a546a46ccca1ebf84502f14b918.png?size=512"
"le33m__1052164106150490183.png","1052164106150490183","le33m","Le33m | DlicomApp","1","general","https://cdn.discordapp.com/guilds/1460130124598087712/users/1052164106150490183/avatars/8837ac28652ee916e3f5c903da51782a.png?size=512","https://cdn.discordapp.com/guilds/1460130124598087712/users/1052164106150490183/avatars/8837ac28652ee916e3f5c903da51782a.png?size=512"
"levsageai__1516473586133762079.png","1516473586133762079","levsageai","LEV SAGE","3","general","https://cdn.discordapp.com/avatars/1516473586133762079/5c00b69371726bbb1253746b9424ef6b.png?size=512","https://cdn.discordapp.com/avatars/1516473586133762079/5c00b69371726bbb1253746b9424ef6b.png?size=512"
"likith.k___1257546362380226671.png","1257546362380226671","likith.k_","Likith.k","4","general","https://cdn.discordapp.com/avatars/1257546362380226671/9fb90d6374f1144d79bae9dcdd7f2e33.png?size=512","https://cdn.discordapp.com/avatars/1257546362380226671/9fb90d6374f1144d79bae9dcdd7f2e33.png?size=512"
"lilisan33__905101916533575750.png","905101916533575750","lilisan33","LiLi","7","general","https://cdn.discordapp.com/avatars/905101916533575750/693520dbf9f01f263583146e0d914330.png?size=512","https://cdn.discordapp.com/avatars/905101916533575750/693520dbf9f01f263583146e0d914330.png?size=512"
"lilniyo__1052762757545594911.png","1052762757545594911","lilniyo.","Lil Niyo  ♊","1","general","https://cdn.discordapp.com/avatars/1052762757545594911/bc020ee0ecf77dbff98664f1528fa5a5.png?size=512","https://cdn.discordapp.com/avatars/1052762757545594911/bc020ee0ecf77dbff98664f1528fa5a5.png?size=512"
"lordfaisal_99__1363590212617506936.png","1363590212617506936","lordfaisal_99","Mahmud Faisal | DLICOM","207","general","https://cdn.discordapp.com/avatars/1363590212617506936/f94d0dd3e5089eda1116edf4e0d7570f.png?size=512","https://cdn.discordapp.com/avatars/1363590212617506936/f94d0dd3e5089eda1116edf4e0d7570f.png?size=512"
"lordfox122__1327919055679782944.png","1327919055679782944","lordfox122","Chinaza ||DLICOM","175","general","https://cdn.discordapp.com/avatars/1327919055679782944/fd50517f835c667f2cf96927dd2dfb61.png?size=512","https://cdn.discordapp.com/avatars/1327919055679782944/fd50517f835c667f2cf96927dd2dfb61.png?size=512"
"luckygold____960384395179610183.png","960384395179610183","luckygold__","Lucky_Gold","9","general","https://cdn.discordapp.com/avatars/960384395179610183/5e011b2522964aa5c4401c430e363a2f.png?size=512","https://cdn.discordapp.com/embed/avatars/2.png"
"mahfuj123455__1250053702795001933.png","1250053702795001933","mahfuj123455","Mahfuz","1","general","https://cdn.discordapp.com/avatars/1250053702795001933/39497f00bda710ddddc452cfc9eb984d.png?size=512","https://cdn.discordapp.com/avatars/1250053702795001933/39497f00bda710ddddc452cfc9eb984d.png?size=512"
"mahfujul945214__1322060724519829524.png","1322060724519829524","mahfujul945214","𝑴𝑨𝑯𝑭𝑼𝑱𝑼𝑳","78","general","https://cdn.discordapp.com/avatars/1322060724519829524/6774131dd954d6c53594592d0913764a.png?size=512","https://cdn.discordapp.com/avatars/1322060724519829524/6774131dd954d6c53594592d0913764a.png?size=512"
"mamota08363__1452687903368151100.png","1452687903368151100","mamota08363","Momota","37","general","https://cdn.discordapp.com/avatars/1452687903368151100/4c95d50c152d4060e2e8fcdaaebcd131.png?size=512","https://cdn.discordapp.com/avatars/1452687903368151100/4c95d50c152d4060e2e8fcdaaebcd131.png?size=512"
"mamun890__28112__1307313947606646884.png","1307313947606646884","mamun890__28112","@Mamun890","4","general","https://cdn.discordapp.com/avatars/1307313947606646884/f6e196528ed4f9951f6f57dccff7f61f.png?size=512","https://cdn.discordapp.com/avatars/1307313947606646884/f6e196528ed4f9951f6f57dccff7f61f.png?size=512"
"manas_pro76178__1099326120609988619.png","1099326120609988619","manas_pro76178","ProManas ?","4","general","https://cdn.discordapp.com/avatars/1099326120609988619/493235376dc8f23d686ea40caf5a872d.png?size=512","https://cdn.discordapp.com/avatars/1099326120609988619/493235376dc8f23d686ea40caf5a872d.png?size=512"
"maniking255__946374165559128074.png","946374165559128074","maniking255","ManiKing 👑","3","general","https://cdn.discordapp.com/avatars/946374165559128074/57b0b61f62e822fe42643fb09169e17c.png?size=512","https://cdn.discordapp.com/avatars/946374165559128074/57b0b61f62e822fe42643fb09169e17c.png?size=512"
"maruf7578__785757267181830154.png","785757267181830154","maruf7578","MaruF","1","general","https://cdn.discordapp.com/avatars/785757267181830154/dd45029f9d994f67fe4faa4173f65229.png?size=512","https://cdn.discordapp.com/avatars/785757267181830154/dd45029f9d994f67fe4faa4173f65229.png?size=512"
"mary75__826742065995579443.png","826742065995579443","mary75","mary","8","general","https://cdn.discordapp.com/avatars/826742065995579443/b85f3c3caf7784d3741b7914a90bb417.png?size=512","https://cdn.discordapp.com/avatars/826742065995579443/b85f3c3caf7784d3741b7914a90bb417.png?size=512"
"masum499__706483727575810079.png","706483727575810079","masum499","🍄 𝗠𝗮𝘀𝘂𝗺 | 𝗗𝗹𝗶𝗰𝗼𝗺","7","general","https://cdn.discordapp.com/avatars/706483727575810079/ff2656aa05dadde222fdf8fa23475359.png?size=512","https://cdn.discordapp.com/avatars/706483727575810079/ff2656aa05dadde222fdf8fa23475359.png?size=512"
"mdbayozidbosta32__1300159579967193108.png","1300159579967193108","mdbayozidbosta32","Md Bayozid ll DLIC","14","general","https://cdn.discordapp.com/avatars/1300159579967193108/9b261a22a6b7b6b731d14a8e160bcc76.png?size=512","https://cdn.discordapp.com/embed/avatars/3.png"
"meeran40__1213450006896582676.png","1213450006896582676","meeran40","Meeran40  $DROPEE.","6","general","https://cdn.discordapp.com/avatars/1213450006896582676/1628fc11e7961d85181295493426b775.png?size=512","https://cdn.discordapp.com/avatars/1213450006896582676/1628fc11e7961d85181295493426b775.png?size=512"
"mhzkhan1__1393659734296625192.png","1393659734296625192","mhzkhan1","Md. Mahfuzur Rahman","1","general","https://cdn.discordapp.com/avatars/1393659734296625192/fc10ff2d36b4b6b148ee32e13ce5c05a.png?size=512","https://cdn.discordapp.com/avatars/1393659734296625192/fc10ff2d36b4b6b148ee32e13ce5c05a.png?size=512"
"mittrosen__1028639947785244682.png","1028639947785244682","mittrosen","𝐉𝐈𝐁𝐎𝐍 𝐌𝐈𝐓𝐓𝐑𝐎 𝐒𝐄𝐍","2","general","https://cdn.discordapp.com/avatars/1028639947785244682/80643ccd10bd2fe8082934d50d1f5637.png?size=512","https://cdn.discordapp.com/avatars/1028639947785244682/80643ccd10bd2fe8082934d50d1f5637.png?size=512"
"mizan9933__1013439284189089843.png","1013439284189089843","mizan9933","Miizan |Dlicom","8","general","https://cdn.discordapp.com/avatars/1013439284189089843/fe9364c629779c7d2dd7b000054b7fda.png?size=512","https://cdn.discordapp.com/avatars/1013439284189089843/fe9364c629779c7d2dd7b000054b7fda.png?size=512"
"mkay_800__1059868386412199998.png","1059868386412199998","mkay_800","Lil_mkay the Dlicom guy","30","general","https://cdn.discordapp.com/avatars/1059868386412199998/f2ff693477d984f17382dfb0cd296cd4.png?size=512","https://cdn.discordapp.com/embed/avatars/1.png"
"mohammed040047__1305775601151377479.png","1305775601151377479","mohammed040047","🔥Mohammed | DLICOM 🔥","14","general","https://cdn.discordapp.com/avatars/1305775601151377479/a67e0de092ea92227f495b5bae88fb93.png?size=512","https://cdn.discordapp.com/avatars/1305775601151377479/a67e0de092ea92227f495b5bae88fb93.png?size=512"
"mossayeb84__1096063909032632361.png","1096063909032632361","mossayeb84","mossayeb","1","general","https://cdn.discordapp.com/avatars/1096063909032632361/119c89211317b7741aacc3abc997a41f.png?size=512","https://cdn.discordapp.com/avatars/1096063909032632361/119c89211317b7741aacc3abc997a41f.png?size=512"
"mrmostakim1m__1222236404361330811.png","1222236404361330811","mrmostakim1m","Mostakim | Dlicom","152","general","https://cdn.discordapp.com/avatars/1222236404361330811/33e585b35eb0fbc272e07adc0970ce89.png?size=512","https://cdn.discordapp.com/avatars/1222236404361330811/33e585b35eb0fbc272e07adc0970ce89.png?size=512"
"naim01078__1305736431716536320.png","1305736431716536320","naim01078","DMJ NAIM","1","general","https://cdn.discordapp.com/avatars/1305736431716536320/fec97f285a88a02456705685aac63939.png?size=512","https://cdn.discordapp.com/avatars/1305736431716536320/fec97f285a88a02456705685aac63939.png?size=512"
"najmulislam0805__1211275681892147280.png","1211275681892147280","najmulislam0805","Najmul islam","100","general","https://cdn.discordapp.com/avatars/1211275681892147280/a63f58a3a69f53fbbd6c918cf37a8848.png?size=512","https://cdn.discordapp.com/avatars/1211275681892147280/a63f58a3a69f53fbbd6c918cf37a8848.png?size=512"
"nathbabu__956199460642377809.png","956199460642377809","nathbabu","NathBabu","3","general","https://cdn.discordapp.com/avatars/956199460642377809/345dffb49bb8242d6d237b1e9e924448.png?size=512","https://cdn.discordapp.com/avatars/956199460642377809/345dffb49bb8242d6d237b1e9e924448.png?size=512"
"nazib0582__1213129802794668062.png","1213129802794668062","nazib0582","Mr Frog","29","general","https://cdn.discordapp.com/avatars/1213129802794668062/1971971bc671a045bd30116ecfc3db23.png?size=512","https://cdn.discordapp.com/avatars/1213129802794668062/1971971bc671a045bd30116ecfc3db23.png?size=512"
"nekad95__1243436674864648266.png","1243436674864648266","nekad95","Nekad95","14","general","https://cdn.discordapp.com/avatars/1243436674864648266/07d107a59c32d987e34b94b1631f2174.png?size=512","https://cdn.discordapp.com/avatars/1243436674864648266/07d107a59c32d987e34b94b1631f2174.png?size=512"
"nik97257__1236990937540853811.png","1236990937540853811","nik97257","🍄Nobita | Dlicom","7","general","https://cdn.discordapp.com/avatars/1236990937540853811/6210f200d73e6c0971216eb6b3859989.png?size=512","https://cdn.discordapp.com/avatars/1236990937540853811/6210f200d73e6c0971216eb6b3859989.png?size=512"
"noble7106__1296174089928704143.png","1296174089928704143","noble7106","𝐍𝐨𝐛𝐥𝐞 𝐭𝐡𝐞 𝐆𝐫𝐞𝐚𝐭🪐","1","general","https://cdn.discordapp.com/avatars/1296174089928704143/3943c5d14199c31b2d95fc173610bb89.png?size=512","https://cdn.discordapp.com/avatars/1296174089928704143/3943c5d14199c31b2d95fc173610bb89.png?size=512"
"noel_fx__1327998542903513121.png","1327998542903513121","noel_fx","Noël 🎅","1","general","https://cdn.discordapp.com/avatars/1327998542903513121/2b529cf8d57e9ad1a0d0fe94cda5cb36.png?size=512","https://cdn.discordapp.com/avatars/1327998542903513121/2b529cf8d57e9ad1a0d0fe94cda5cb36.png?size=512"
"noname_1.2__888107242925215755.png","888107242925215755","noname_1.2.","Noname","174","general","https://cdn.discordapp.com/avatars/888107242925215755/b1f3457d032d15b8795c0cf22367646d.png?size=512","https://cdn.discordapp.com/avatars/888107242925215755/b1f3457d032d15b8795c0cf22367646d.png?size=512"
"noyon89__796046193422893056.png","796046193422893056","noyon89","𝗡𝗼𝘆𝗼𝗻 𝗔𝗵𝗺𝗲𝗱","4","general","https://cdn.discordapp.com/avatars/796046193422893056/118dab7d04dbd1abe77afc90c5ee540f.png?size=512","https://cdn.discordapp.com/embed/avatars/3.png"
"ohmytimmm__456693663247106060.png","456693663247106060","ohmytimmm","tim","4","general","https://cdn.discordapp.com/guilds/1460130124598087712/users/456693663247106060/avatars/34c7fc125e416dc59406fd3ad88afdb9.png?size=512","https://cdn.discordapp.com/guilds/1460130124598087712/users/456693663247106060/avatars/34c7fc125e416dc59406fd3ad88afdb9.png?size=512"
"ontorweb3__1192812330648604774.png","1192812330648604774","ontorweb3","Ontor","8","general","https://cdn.discordapp.com/avatars/1192812330648604774/872121050de27bee69612a98ae46c2f6.png?size=512","https://cdn.discordapp.com/avatars/1192812330648604774/872121050de27bee69612a98ae46c2f6.png?size=512"
"presh404__954775945343021066.png","954775945343021066","presh404","Presh404","1","general","https://cdn.discordapp.com/avatars/954775945343021066/c4ca92171729208fa12ebb8e0c1217a0.png?size=512","https://cdn.discordapp.com/avatars/954775945343021066/c4ca92171729208fa12ebb8e0c1217a0.png?size=512"
"pubgcarporation__1253588779260837928.png","1253588779260837928","pubgcarporation","Pubg Carporation","8","general","https://cdn.discordapp.com/avatars/1253588779260837928/25d18c396a5377931040c2cd75257d98.png?size=512","https://cdn.discordapp.com/avatars/1253588779260837928/25d18c396a5377931040c2cd75257d98.png?size=512"
"rabqa510345__1370765393454698559.png","1370765393454698559","rabqa510345","rabqa510345","1","general","https://cdn.discordapp.com/embed/avatars/1.png","https://cdn.discordapp.com/embed/avatars/1.png"
"radhasakhimansi__1392801267323113524.png","1392801267323113524","radhasakhimansi","Shreeju dlicom","1","general","https://cdn.discordapp.com/avatars/1392801267323113524/09622a8c9c01032491efd4f16b306d8e.png?size=512","https://cdn.discordapp.com/avatars/1392801267323113524/09622a8c9c01032491efd4f16b306d8e.png?size=512"
"rafid_08078__1283222131601309740.png","1283222131601309740","rafid_08078","NΛT","7","general","https://cdn.discordapp.com/avatars/1283222131601309740/e89ab51985236aea97486ba281746f2e.png?size=512","https://cdn.discordapp.com/avatars/1283222131601309740/e89ab51985236aea97486ba281746f2e.png?size=512"
"raju000076366__783948107795922966.png","783948107795922966","raju000076366","Raju Bhai","11","general","https://cdn.discordapp.com/avatars/783948107795922966/ce6ecff5e90a37b21e2cce9195090657.png?size=512","https://cdn.discordapp.com/avatars/783948107795922966/ce6ecff5e90a37b21e2cce9195090657.png?size=512"
"rakibhossain0062_87451__1246395478564929579.png","1246395478564929579","rakibhossain0062_87451","Rakib | DLICOM","73","general","https://cdn.discordapp.com/avatars/1246395478564929579/220c6404672d13e5f0b01c91e98d8260.png?size=512","https://cdn.discordapp.com/avatars/1246395478564929579/220c6404672d13e5f0b01c91e98d8260.png?size=512"
"reez_4__534693911621271552.png","534693911621271552","reez_4","Reez","1","general","https://cdn.discordapp.com/guilds/1460130124598087712/users/534693911621271552/avatars/682f9a8642112d16d3c5e6e0a3dc8f47.png?size=512","https://cdn.discordapp.com/embed/avatars/3.png"
"rehan_12n__1098163593352065034.png","1098163593352065034","rehan_12n","🔸""𝕽𝖊𝖍𝖆𝖓|🄳🄻🄸🄲🄾🄼""🔸","48","general","https://cdn.discordapp.com/avatars/1098163593352065034/eea2f6c2a7f68ef9d0a813edd98c7e96.png?size=512","https://cdn.discordapp.com/avatars/1098163593352065034/eea2f6c2a7f68ef9d0a813edd98c7e96.png?size=512"
"rishi.143__1514833336990699586.png","1514833336990699586","rishi.143","𝗥𝗜𝗦𝗛𝗜","65","general","https://cdn.discordapp.com/avatars/1514833336990699586/949552e551641c023ec1594e70bcc73c.png?size=512","https://cdn.discordapp.com/embed/avatars/1.png"
"rittikmaity__1454866990316523632.png","1454866990316523632","rittikmaity","Animal🫂","2","general","https://cdn.discordapp.com/avatars/1454866990316523632/c6f99e9d20b0192a656dda8d5da5c2df.png?size=512","https://cdn.discordapp.com/avatars/1454866990316523632/c6f99e9d20b0192a656dda8d5da5c2df.png?size=512"
"ritu05728__1325398091960160300.png","1325398091960160300","ritu05728","RITU","1","general","https://cdn.discordapp.com/avatars/1325398091960160300/edfb654f92a23a8cd6acb9d50f52c017.png?size=512","https://cdn.discordapp.com/avatars/1325398091960160300/edfb654f92a23a8cd6acb9d50f52c017.png?size=512"
"ritu323__1279854858656157747.png","1279854858656157747","ritu323","Ritu- DLICOM","15","general","https://cdn.discordapp.com/avatars/1279854858656157747/6c829694453032a61d5ef7f2bbdd0701.png?size=512","https://cdn.discordapp.com/avatars/1279854858656157747/6c829694453032a61d5ef7f2bbdd0701.png?size=512"
"rolexsir_____1083614691135336541.png","1083614691135336541","rolexsir___","Rolex DLICOM","23","general","https://cdn.discordapp.com/avatars/1083614691135336541/e6d7aa34efedfde83d5da3f3c2ced961.png?size=512","https://cdn.discordapp.com/avatars/1083614691135336541/e6d7aa34efedfde83d5da3f3c2ced961.png?size=512"
"rxhridoy0017__1307383148580966441.png","1307383148580966441","rxhridoy0017","𝐑𝐱 𝐇𝐫î𝐝œ𝐲 | 𝐃𝐋𝐈𝐂𝐎𝐌✨","63","general","https://cdn.discordapp.com/avatars/1307383148580966441/e01e8eda4e97067fdc0d900b26256ba2.png?size=512","https://cdn.discordapp.com/avatars/1307383148580966441/e01e8eda4e97067fdc0d900b26256ba2.png?size=512"
"s1msang__338876267887853568.png","338876267887853568","s1msang","sang | Dlicom","2","general","https://cdn.discordapp.com/avatars/338876267887853568/abac148c8c0941ca126c6d8d63ac2fe3.png?size=512","https://cdn.discordapp.com/avatars/338876267887853568/abac148c8c0941ca126c6d8d63ac2fe3.png?size=512"
"sagar_web3__884114520358944808.png","884114520358944808","sagar_web3","𝐒𝐚𝐠𝐚𝐫_web3 (❖,❖)","216","general","https://cdn.discordapp.com/avatars/884114520358944808/b6d967bb355c47e62855624c85fba514.png?size=512","https://cdn.discordapp.com/embed/avatars/5.png"
"sakibul0156__760457696888881153.png","760457696888881153","sakibul0156","sakibul0156","1","general","https://cdn.discordapp.com/avatars/760457696888881153/784d2f1250eb64b9c43a3e422c3eebc5.png?size=512","https://cdn.discordapp.com/avatars/760457696888881153/784d2f1250eb64b9c43a3e422c3eebc5.png?size=512"
"samiraislam9__1261663953990455397.png","1261663953990455397","samiraislam9","EKN KABIR | DLICOM","13","general","https://cdn.discordapp.com/avatars/1261663953990455397/512da58293eb29c29b07704c6a031860.png?size=512","https://cdn.discordapp.com/embed/avatars/2.png"
"sarimbby__1111781201078919321.png","1111781201078919321","sarimbby","DCO EREN DADDY","20","general","https://cdn.discordapp.com/avatars/1111781201078919321/23170362d8ef4f758b02b3af22b07bb9.png?size=512","https://cdn.discordapp.com/avatars/1111781201078919321/23170362d8ef4f758b02b3af22b07bb9.png?size=512"
"secret121091__1131806967929778198.png","1131806967929778198","secret121091","Secret AMEERZAADA | 🇮🇳 (❖,❖)","49","general","https://cdn.discordapp.com/avatars/1131806967929778198/93c4647a22888c8f9aa62c7b33f13efc.png?size=512","https://cdn.discordapp.com/avatars/1131806967929778198/93c4647a22888c8f9aa62c7b33f13efc.png?size=512"
"sgttothetop__1258732459227349004.png","1258732459227349004","sgttothetop","SobersGoingTopmost 𓀾","42","general","https://cdn.discordapp.com/avatars/1258732459227349004/6764359ff96095ec82e470fe500ee62e.png?size=512","https://cdn.discordapp.com/avatars/1258732459227349004/6764359ff96095ec82e470fe500ee62e.png?size=512"
"shahariaevan__1194335052692209767.png","1194335052692209767","shahariaevan","Shaharia Evan","11","general","https://cdn.discordapp.com/avatars/1194335052692209767/a039b630b81d265b63b504b702c396d5.png?size=512","https://cdn.discordapp.com/avatars/1194335052692209767/a039b630b81d265b63b504b702c396d5.png?size=512"
"shahinalam531__1291831001361682514.png","1291831001361682514","shahinalam531","Shahin Creations","1","general","https://cdn.discordapp.com/avatars/1291831001361682514/d359d2a5c740c262903287438c438c4b.png?size=512","https://cdn.discordapp.com/avatars/1291831001361682514/d359d2a5c740c262903287438c438c4b.png?size=512"
"sharmin101__1240754921578561610.png","1240754921578561610","sharmin101","SHARMIN","5","general","https://cdn.discordapp.com/avatars/1240754921578561610/f71ee51db4fa7fe50f03f9495f801a0c.png?size=512","https://cdn.discordapp.com/avatars/1240754921578561610/f71ee51db4fa7fe50f03f9495f801a0c.png?size=512"
"siddiq123__764504907973132339.png","764504907973132339","siddiq123","SIDDIQ ANSARI","1","general","https://cdn.discordapp.com/avatars/764504907973132339/7b0202cd9d4f1beb91b7848a7da4978b.png?size=512","https://cdn.discordapp.com/avatars/764504907973132339/7b0202cd9d4f1beb91b7848a7da4978b.png?size=512"
"sihab_dc__1509646710023127222.png","1509646710023127222","sihab_dc","『SIHAB ⟐ DLICOM』","1","general","https://cdn.discordapp.com/avatars/1509646710023127222/6cf6295289e87ba2026748e206637984.png?size=512","https://cdn.discordapp.com/embed/avatars/3.png"
"sk_maruf99_86417__1331254597288857604.png","1331254597288857604","sk_maruf99_86417","Target 🎯","8","general","https://cdn.discordapp.com/avatars/1331254597288857604/0921749603a2db90d5e6ab94840fe33a.png?size=512","https://cdn.discordapp.com/avatars/1331254597288857604/0921749603a2db90d5e6ab94840fe33a.png?size=512"
"skiex_i__1318280177414836224.png","1318280177414836224","skiex_i","Ꞩҟīēӿ 斩魔者","1","general","https://cdn.discordapp.com/avatars/1318280177414836224/189c64b0eacca373211cec53b22e8acf.png?size=512","https://cdn.discordapp.com/avatars/1318280177414836224/189c64b0eacca373211cec53b22e8acf.png?size=512"
"skonshakib__1066533288476418160.png","1066533288476418160","skonshakib","SKON_SHAKIB","1","general","https://cdn.discordapp.com/avatars/1066533288476418160/82a0659019ec1b840127812e6cc03f45.png?size=512","https://cdn.discordapp.com/embed/avatars/3.png"
"sky.chain__555276236947980288.png","555276236947980288","sky.chain","Sky | Dlicom","16","general","https://cdn.discordapp.com/avatars/555276236947980288/a2e012595079bfe50134959889845440.png?size=512","https://cdn.discordapp.com/avatars/555276236947980288/a2e012595079bfe50134959889845440.png?size=512"
"smosavi123_48074__1296132897438437468.png","1296132897438437468","smosavi123_48074","MOSAVI 🪴","8","general","https://cdn.discordapp.com/avatars/1296132897438437468/a24003b3e29a49c817599927c35594bd.png?size=512","https://cdn.discordapp.com/avatars/1296132897438437468/a24003b3e29a49c817599927c35594bd.png?size=512"
"smsajjadboy__1513806328920015019.png","1513806328920015019","smsajjadboy","sm-Sajjad","147","general","https://cdn.discordapp.com/avatars/1513806328920015019/d03f452b7a413e1e933ddd5bcab3ab1b.png?size=512","https://cdn.discordapp.com/avatars/1513806328920015019/d03f452b7a413e1e933ddd5bcab3ab1b.png?size=512"
"suraina__931093220547526656.png","931093220547526656","suraina","Suraina","6","general","https://cdn.discordapp.com/avatars/931093220547526656/9a89760a4d7e8a5ccf661533c713d68f.png?size=512","https://cdn.discordapp.com/avatars/931093220547526656/9a89760a4d7e8a5ccf661533c713d68f.png?size=512"
"surendra6350__1327148616292241458.png","1327148616292241458","surendra6350","GENHIBEE 💫💥","1","general","https://cdn.discordapp.com/avatars/1327148616292241458/79175e146ac74457e8d31fb77d51b860.png?size=512","https://cdn.discordapp.com/avatars/1327148616292241458/79175e146ac74457e8d31fb77d51b860.png?size=512"
"susmoy2132__888862595392610354.png","888862595392610354","susmoy2132","susmoy2132  ❖❖","2","general","https://cdn.discordapp.com/avatars/888862595392610354/e0fb2ca7d8cb85274fb2f1b83230683e.png?size=512","https://cdn.discordapp.com/embed/avatars/2.png"
"tang17vn__1278725857690521703.png","1278725857690521703","tang17vn","Tang17 🥋","3","general","https://cdn.discordapp.com/avatars/1278725857690521703/6246c4523e4807640d1526dfcb695dc4.png?size=512","https://cdn.discordapp.com/avatars/1278725857690521703/6246c4523e4807640d1526dfcb695dc4.png?size=512"
"tani06122013__1198312172187553833.png","1198312172187553833","tani06122013","Tani06122013","6","general","https://cdn.discordapp.com/avatars/1198312172187553833/1628fc11e7961d85181295493426b775.png?size=512","https://cdn.discordapp.com/avatars/1198312172187553833/1628fc11e7961d85181295493426b775.png?size=512"
"taruntanti026__1198556101772333077.png","1198556101772333077","taruntanti026","Tarun ./","62","general","https://cdn.discordapp.com/avatars/1198556101772333077/d2231e893609adaca8edfd09135e8025.png?size=512","https://cdn.discordapp.com/avatars/1198556101772333077/d2231e893609adaca8edfd09135e8025.png?size=512"
"tsadhin__1341713793801130015.png","1341713793801130015","tsadhin","T-SADHIN","1","general","https://cdn.discordapp.com/avatars/1341713793801130015/197c0fcf7ecdd6db53c9040acce5b2c1.png?size=512","https://cdn.discordapp.com/avatars/1341713793801130015/197c0fcf7ecdd6db53c9040acce5b2c1.png?size=512"
"tsarjc112__979133481894420590.png","979133481894420590","tsarjc112","Tsarjc112","1","general","https://cdn.discordapp.com/avatars/979133481894420590/9b285a12c61b0a14b6f9c71a5ca6d122.png?size=512","https://cdn.discordapp.com/avatars/979133481894420590/9b285a12c61b0a14b6f9c71a5ca6d122.png?size=512"
"umaima0943__1337032041677721611.png","1337032041677721611","umaima0943","UMAIMA EMAN👑","35","general","https://cdn.discordapp.com/avatars/1337032041677721611/48ac1c932ea55251db93e7d707eb9e89.png?size=512","https://cdn.discordapp.com/embed/avatars/4.png"
"uzzal222_89783__1229823646684418149.png","1229823646684418149","uzzal222_89783","Uzzal Das","16","general","https://cdn.discordapp.com/avatars/1229823646684418149/e0481d0bc816b0d7eb753edaa4493163.png?size=512","https://cdn.discordapp.com/avatars/1229823646684418149/e0481d0bc816b0d7eb753edaa4493163.png?size=512"
"valotoo2.0_79318__1278597695870730283.png","1278597695870730283","valotoo2.0_79318","Janu","81","general","https://cdn.discordapp.com/avatars/1278597695870730283/c7bc5863115c19d5cb99ea60e8422c76.png?size=512","https://cdn.discordapp.com/avatars/1278597695870730283/c7bc5863115c19d5cb99ea60e8422c76.png?size=512"
"vic7orfx__1048356906055508058.png","1048356906055508058","vic7orfx","『Vις』","44","general","https://cdn.discordapp.com/avatars/1048356906055508058/fe80d7f448797064619521cd72170030.png?size=512","https://cdn.discordapp.com/avatars/1048356906055508058/fe80d7f448797064619521cd72170030.png?size=512"
"victor_xi__1037774931250921502.png","1037774931250921502","victor_xi","Victor | Dlicom","26","general","https://cdn.discordapp.com/avatars/1037774931250921502/6595b935755a19290b41870341c4fd3d.png?size=512","https://cdn.discordapp.com/avatars/1037774931250921502/6595b935755a19290b41870341c4fd3d.png?size=512"
"vikascool__945314745324535818.png","945314745324535818","vikascool.","vikascool","3","general","https://cdn.discordapp.com/avatars/945314745324535818/b385dc2e54385c62e7d7eba662daab8c.png?size=512","https://cdn.discordapp.com/avatars/945314745324535818/b385dc2e54385c62e7d7eba662daab8c.png?size=512"
"voltage_117__1198653872961495050.png","1198653872961495050","voltage_117","BIG-V","1","general","https://cdn.discordapp.com/avatars/1198653872961495050/e84bb58d2541ba79d472a1239ed32712.png?size=512","https://cdn.discordapp.com/avatars/1198653872961495050/e84bb58d2541ba79d472a1239ed32712.png?size=512"
"vtn1508__528130427471527956.png","528130427471527956","vtn1508","VTN1508 🐸⛓","1","general","https://cdn.discordapp.com/avatars/528130427471527956/88a6c05da136a17fd6d0bea5dc6afef2.png?size=512","https://cdn.discordapp.com/avatars/528130427471527956/88a6c05da136a17fd6d0bea5dc6afef2.png?size=512"
"whisperhash___1331253561459474455.png","1331253561459474455","whisperhash_","𝙱𝙴𝚂𝚃","14","general","https://cdn.discordapp.com/avatars/1331253561459474455/be196c83c31d37cfbd370ec6623b8d6a.png?size=512","https://cdn.discordapp.com/avatars/1331253561459474455/be196c83c31d37cfbd370ec6623b8d6a.png?size=512"
"whizzzy14__1240707510986473502.png","1240707510986473502","whizzzy14","𝑾𝒉𝒊𝒛𝒛𝒚 🦅","18","general","https://cdn.discordapp.com/avatars/1240707510986473502/1dd6a47880f3e327ac2a48ae1eff7d6c.png?size=512","https://cdn.discordapp.com/avatars/1240707510986473502/1dd6a47880f3e327ac2a48ae1eff7d6c.png?size=512"
"wishi143__1341759078157778967.png","1341759078157778967","wishi143","WÎSĤI","25","general","https://cdn.discordapp.com/avatars/1341759078157778967/baf1dd927f84c07ece6946237bbd745b.png?size=512","https://cdn.discordapp.com/avatars/1341759078157778967/baf1dd927f84c07ece6946237bbd745b.png?size=512"
"wotaf0__1519060911833354404.png","1519060911833354404","wotaf0","WOTA","3","general","https://cdn.discordapp.com/avatars/1519060911833354404/4dd69c2ac284c25ff724f780398268aa.png?size=512","https://cdn.discordapp.com/avatars/1519060911833354404/4dd69c2ac284c25ff724f780398268aa.png?size=512"
"wzsk13__679618993719738377.png","679618993719738377","wzsk13","Jake","13","general","https://cdn.discordapp.com/avatars/679618993719738377/59e8cc60d45bfe9349f2391fee60cdae.png?size=512","https://cdn.discordapp.com/avatars/679618993719738377/59e8cc60d45bfe9349f2391fee60cdae.png?size=512"
"yaroslavpysar__976590140870897714.gif","976590140870897714","yaroslavpysar","YaroslavPysar","1","general","https://cdn.discordapp.com/avatars/976590140870897714/a_9fe6d76ec8ebf8d2d8cfa87323c8f685.gif?size=512","https://cdn.discordapp.com/avatars/976590140870897714/a_9fe6d76ec8ebf8d2d8cfa87323c8f685.gif?size=512"
"yash9354__1050052856880844810.png","1050052856880844810","yash9354","YashRaj","7","general","https://cdn.discordapp.com/avatars/1050052856880844810/f69e256dbc8c85bc1cfb092541ff589c.png?size=512","https://cdn.discordapp.com/avatars/1050052856880844810/f69e256dbc8c85bc1cfb092541ff589c.png?size=512"
"yuta_xbt_07561__1488682519665705041.png","1488682519665705041","yuta_xbt_07561","Yuta [Dlicom Arc]","6","general","https://cdn.discordapp.com/avatars/1488682519665705041/def75f1ab4868390479b93121da0a53a.png?size=512","https://cdn.discordapp.com/avatars/1488682519665705041/def75f1ab4868390479b93121da0a53a.png?size=512"
"zackcamuh__1101493320938688512.png","1101493320938688512","zackcamuh","ᴢᴀᴄᴋ ᴄᴀᴍᴜʜ","26","general","https://cdn.discordapp.com/avatars/1101493320938688512/9a907e291e53d0c5256de0ebbdcfb7f4.png?size=512","https://cdn.discordapp.com/embed/avatars/0.png"
"zeno_05415__1211280163225215067.png","1211280163225215067","zeno_05415","Zeno | DLICOM","1","general","https://cdn.discordapp.com/avatars/1211280163225215067/6702f548708eef749b89bf7d83d137c8.png?size=512","https://cdn.discordapp.com/avatars/1211280163225215067/6702f548708eef749b89bf7d83d137c8.png?size=512"
"zeyaa17__1515323630244860086.png","1515323630244860086","zeyaa17","Zeyaa17","3","general","https://cdn.discordapp.com/avatars/1515323630244860086/ce1a5a6eaaf12250a27bfa632426aff3.png?size=512","https://cdn.discordapp.com/avatars/1515323630244860086/ce1a5a6eaaf12250a27bfa632426aff3.png?size=512"
"zihantawhid__1289088234004938804.png","1289088234004938804","zihantawhid","Md ZihanTawhid","1","general","https://cdn.discordapp.com/avatars/1289088234004938804/7c34a3908db664b2f901ecd0cfcb523f.png?size=512","https://cdn.discordapp.com/avatars/1289088234004938804/7c34a3908db664b2f901ecd0cfcb523f.png?size=512"
"zisanbabu__1239359646981165179.png","1239359646981165179","zisanbabu","𝙉乇𝙊 🎭  |  𝘿𝙇𝙄𝘾𝙊𝙈","14","general","https://cdn.discordapp.com/avatars/1239359646981165179/59b91731433dee669053ff78a6a35cd2.png?size=512","https://cdn.discordapp.com/avatars/1239359646981165179/59b91731433dee669053ff78a6a35cd2.png?size=512"
"zunzuncrypto__1137350794581131294.png","1137350794581131294","zunzuncrypto","ZUN ZUN","1","general","https://cdn.discordapp.com/avatars/1137350794581131294/6eea32d9bfc9ca7889a66205a3665fd8.png?size=512","https://cdn.discordapp.com/avatars/1137350794581131294/6eea32d9bfc9ca7889a66205a3665fd8.png?size=512"